{"cameraMode":{"drawMode":0,"name":"Shaded","section":"Shading Mode"},"sceneLighting":true,"audioPlay":false,"sceneViewState":{"showFog":true,"showMaterialUpdate":false,"showSkybox":true,"showFlares":true,"showImageEffects":true,"showParticleSystems":true},"in2DMode":false,"pivot":{"x":-0.05971050262451172,"y":0.588489294052124,"z":0.6360688209533691},"rotation":{"x":-0.01564965583384037,"y":-0.8313868641853333,"z":-0.023442363366484643,"w":0.5549853444099426},"size":5.51275110244751,"orthographic":false}