{"cameraMode":{"drawMode":0,"name":"Shaded","section":"Shading Mode"},"sceneLighting":false,"audioPlay":false,"sceneViewState":{"showFog":true,"showMaterialUpdate":false,"showSkybox":true,"showFlares":true,"showImageEffects":true,"showParticleSystems":true},"in2DMode":false,"pivot":{"x":-1382.335205078125,"y":681.0204467773438,"z":-356.474365234375},"rotation":{"x":0.013002844527363778,"y":-0.9757258892059326,"z":0.06038709729909897,"w":0.21012002229690553},"size":3546.87548828125,"orthographic":false}