{"cameraMode":{"drawMode":0,"name":"Shaded","section":"Shading Mode"},"sceneLighting":true,"audioPlay":false,"sceneViewState":{"showFog":true,"showMaterialUpdate":false,"showSkybox":true,"showFlares":true,"showImageEffects":true,"showParticleSystems":true},"in2DMode":false,"pivot":{"x":123.33238220214844,"y":113.90203857421875,"z":47.543212890625},"rotation":{"x":-0.15411220490932465,"y":-0.032011061906814578,"z":0.0049956017173826698,"w":-0.9875257611274719},"size":797.5670776367188,"orthographic":false}