{"cameraMode":{"drawMode":0,"name":"Shaded","section":"Shading Mode"},"sceneLighting":false,"audioPlay":false,"sceneViewState":{"showFog":true,"showMaterialUpdate":false,"showSkybox":true,"showFlares":true,"showImageEffects":true,"showParticleSystems":true},"in2DMode":false,"pivot":{"x":-0.8169176578521729,"y":-1.309279203414917,"z":0.024287104606628419},"rotation":{"x":-0.1338208168745041,"y":0.8383713364601135,"z":-0.23773129284381867,"w":-0.4719257354736328},"size":47.45811462402344,"orthographic":false}